{
    "trajectory": [
        [
            [
                0
            ],
            [
                0
            ]
        ],
        [
            [
                -6
            ],
            [
                6
            ]
        ],
        [
            [
                -4
            ],
            [
                -5
            ]
        ],
        [
            [
                -2
            ],
            [
                12
            ]
        ],
        [
            [
                -12
            ],
            [
                12
            ]
        ],
        [
            [
                -14
            ],
            [
                -2
            ]
        ]
    ],
    "distance_error": [
        [
            4.23202733247837
        ],
        [
            1.4031242374328485
        ],
        [
            6.927085845738749
        ],
        [
            7.165525060596439
        ],
        [
            2.9578485091677784
        ],
        [
            4.23202733247837
        ],
        [
            5.0
        ],
        [
            7.060454457224561
        ],
        [
            5.440306508910551
        ],
        [
            9.142135623730951
        ]
    ],
    "orientation_error": [
        6.249089649111067
    ],
    "edge_list": [
        [
            0,
            1
        ],
        [
            0,
            2
        ],
        [
            1,
            2
        ],
        [
            0,
            3
        ],
        [
            1,
            3
        ],
        [
            1,
            4
        ],
        [
            3,
            4
        ],
        [
            1,
            5
        ],
        [
            2,
            5
        ],
        [
            4,
            5
        ]
    ],
    "tracking_error": [],
    "target_trajectory": [
        [],
        []
    ]
}